Timestamp,UTC,Callsign,Position,Altitude,Speed,Direction
1616324084,2021-03-21T10:54:44Z,DAL33,"51.468647,-0.443796",0,0,29
1616324547,2021-03-21T11:02:27Z,DAL33,"51.468647,-0.444018",0,3,90
1616324558,2021-03-21T11:02:38Z,DAL33,"51.468643,-0.44426",0,3,90
1616324567,2021-03-21T11:02:47Z,DAL33,"51.468636,-0.444464",0,2,95
1616324576,2021-03-21T11:02:56Z,DAL33,"51.46862,-0.444679",0,3,104
1616324587,2021-03-21T11:03:07Z,DAL33,"51.468597,-0.444889",0,3,118
1616324596,2021-03-21T11:03:16Z,DAL33,"51.46862,-0.445099",0,3,137
1616324607,2021-03-21T11:03:27Z,DAL33,"51.468681,-0.445317",0,3,157
1616324620,2021-03-21T11:03:40Z,DAL33,"51.468819,-0.445522",0,3,180
1616324635,2021-03-21T11:03:55Z,DAL33,"51.469051,-0.445518",0,3,180
1616324729,2021-03-21T11:05:29Z,DAL33,"51.468636,-0.444371",0,0,187
1616324785,2021-03-21T11:06:25Z,DAL33,"51.469143,-0.445538",0,0,330
1616324858,2021-03-21T11:07:38Z,DAL33,"51.468922,-0.445559",0,3,180
1616324870,2021-03-21T11:07:50Z,DAL33,"51.468689,-0.445557",0,5,180
1616324881,2021-03-21T11:08:01Z,DAL33,"51.468422,-0.445538",0,6,180
1616324893,2021-03-21T11:08:13Z,DAL33,"51.468052,-0.445559",0,7,180
1616324899,2021-03-21T11:08:19Z,DAL33,"51.467793,-0.445557",0,9,180
1616324905,2021-03-21T11:08:25Z,DAL33,"51.467525,-0.445557",0,10,180
1616324914,2021-03-21T11:08:34Z,DAL33,"51.467106,-0.445557",0,10,180
1616324921,2021-03-21T11:08:41Z,DAL33,"51.466827,-0.44569",0,10,196
1616324941,2021-03-21T11:09:01Z,DAL33,"51.466629,-0.447159",0,12,267
1616324946,2021-03-21T11:09:06Z,DAL33,"51.466644,-0.447749",0,13,270
1616324950,2021-03-21T11:09:10Z,DAL33,"51.46664,-0.448093",0,13,270
1616324972,2021-03-21T11:09:32Z,DAL33,"51.466618,-0.450268",0,15,270
1616324978,2021-03-21T11:09:38Z,DAL33,"51.466618,-0.451031",0,15,270
1616324986,2021-03-21T11:09:46Z,DAL33,"51.466618,-0.452042",0,16,270
1616324993,2021-03-21T11:09:53Z,DAL33,"51.466621,-0.452741",0,16,270
1616325000,2021-03-21T11:10:00Z,DAL33,"51.466618,-0.453758",0,17,270
1616325008,2021-03-21T11:10:08Z,DAL33,"51.46661,-0.454819",0,18,270
1616325046,2021-03-21T11:10:46Z,DAL33,"51.466595,-0.460167",0,19,270
1616325059,2021-03-21T11:10:59Z,DAL33,"51.466583,-0.462189",0,21,270
1616325065,2021-03-21T11:11:05Z,DAL33,"51.466576,-0.463152",0,21,270
1616325071,2021-03-21T11:11:11Z,DAL33,"51.466583,-0.464058",0,19,270
1616325082,2021-03-21T11:11:22Z,DAL33,"51.466576,-0.465082",0,9,270
1616325088,2021-03-21T11:11:28Z,DAL33,"51.466564,-0.465434",0,9,270
1616325095,2021-03-21T11:11:35Z,DAL33,"51.466564,-0.465917",0,9,270
1616325102,2021-03-21T11:11:42Z,DAL33,"51.466564,-0.466436",0,10,270
1616325117,2021-03-21T11:11:57Z,DAL33,"51.466564,-0.467531",0,11,270
1616325123,2021-03-21T11:12:03Z,DAL33,"51.466572,-0.468044",0,11,270
1616325130,2021-03-21T11:12:10Z,DAL33,"51.466564,-0.468719",0,12,270
1616325136,2021-03-21T11:12:16Z,DAL33,"51.466549,-0.469265",0,13,270
1616325142,2021-03-21T11:12:22Z,DAL33,"51.466553,-0.469925",0,14,270
1616325151,2021-03-21T11:12:31Z,DAL33,"51.466549,-0.470829",0,15,270
1616325157,2021-03-21T11:12:37Z,DAL33,"51.466553,-0.471577",0,16,270
1616325167,2021-03-21T11:12:47Z,DAL33,"51.466541,-0.472728",0,11,270
1616325177,2021-03-21T11:12:57Z,DAL33,"51.466537,-0.47327",0,5,270
1616325183,2021-03-21T11:13:03Z,DAL33,"51.466537,-0.47348",0,5,270
1616325196,2021-03-21T11:13:16Z,DAL33,"51.466549,-0.474129",0,9,270
1616325201,2021-03-21T11:13:21Z,DAL33,"51.466553,-0.474565",0,11,270
1616325208,2021-03-21T11:13:28Z,DAL33,"51.466553,-0.475122",0,12,270
1616325214,2021-03-21T11:13:34Z,DAL33,"51.466553,-0.475678",0,12,270
1616325224,2021-03-21T11:13:44Z,DAL33,"51.466537,-0.476513",0,11,270
1616325234,2021-03-21T11:13:54Z,DAL33,"51.466537,-0.477371",0,12,270
1616325245,2021-03-21T11:14:05Z,DAL33,"51.466526,-0.47802",0,4,270
1616325254,2021-03-21T11:14:14Z,DAL33,"51.46653,-0.478276",0,4,270
1616325260,2021-03-21T11:14:20Z,DAL33,"51.46653,-0.478499",0,5,270
1616325267,2021-03-21T11:14:27Z,DAL33,"51.466541,-0.478777",0,6,270
1616325280,2021-03-21T11:14:40Z,DAL33,"51.466537,-0.479317",0,5,270
1616325286,2021-03-21T11:14:46Z,DAL33,"51.466537,-0.479584",0,6,270
1616325292,2021-03-21T11:14:52Z,DAL33,"51.466537,-0.47987",0,7,270
1616325304,2021-03-21T11:15:04Z,DAL33,"51.46653,-0.480225",0,2,270
1616325314,2021-03-21T11:15:14Z,DAL33,"51.46653,-0.480448",0,3,270
1616325321,2021-03-21T11:15:21Z,DAL33,"51.46653,-0.480652",0,5,270
1616325327,2021-03-21T11:15:27Z,DAL33,"51.46653,-0.480912",0,6,270
1616325335,2021-03-21T11:15:35Z,DAL33,"51.466526,-0.4813",0,7,270
1616325341,2021-03-21T11:15:41Z,DAL33,"51.466526,-0.481586",0,7,270
1616325348,2021-03-21T11:15:48Z,DAL33,"51.466526,-0.481987",0,8,270
1616325355,2021-03-21T11:15:55Z,DAL33,"51.46653,-0.482378",0,8,270
1616325362,2021-03-21T11:16:02Z,DAL33,"51.466526,-0.482826",0,9,270
1616325369,2021-03-21T11:16:09Z,DAL33,"51.466518,-0.483213",0,5,270
1616325409,2021-03-21T11:16:49Z,DAL33,"51.466473,-0.483436",0,0,233
1616325447,2021-03-21T11:17:27Z,DAL33,"51.466515,-0.483646",0,3,270
1616325458,2021-03-21T11:17:38Z,DAL33,"51.466515,-0.483971",0,5,270
1616325464,2021-03-21T11:17:44Z,DAL33,"51.466515,-0.484219",0,6,270
1616325470,2021-03-21T11:17:50Z,DAL33,"51.466518,-0.484493",0,6,270
1616325478,2021-03-21T11:17:58Z,DAL33,"51.466515,-0.484886",0,7,270
1616325487,2021-03-21T11:18:07Z,DAL33,"51.466515,-0.485382",0,5,270
1616325500,2021-03-21T11:18:20Z,DAL33,"51.466518,-0.485588",0,1,270
1616325569,2021-03-21T11:19:29Z,DAL33,"51.466526,-0.485821",0,4,270
1616325583,2021-03-21T11:19:43Z,DAL33,"51.46653,-0.48659",0,10,270
1616325600,2021-03-21T11:20:00Z,DAL33,"51.466095,-0.487633",0,11,219
1616325604,2021-03-21T11:20:04Z,DAL33,"51.465874,-0.487747",0,11,205
1616325608,2021-03-21T11:20:08Z,DAL33,"51.465652,-0.487823",0,12,196
1616325614,2021-03-21T11:20:14Z,DAL33,"51.465324,-0.487843",0,13,182
1616325619,2021-03-21T11:20:19Z,DAL33,"51.465069,-0.487709",0,12,168
1616325624,2021-03-21T11:20:24Z,DAL33,"51.464859,-0.487461",0,10,149
1616325629,2021-03-21T11:20:29Z,DAL33,"51.464756,-0.487166",0,8,132
1616325633,2021-03-21T11:20:33Z,DAL33,"51.464733,-0.486943",0,8,115
1616325637,2021-03-21T11:20:37Z,DAL33,"51.464767,-0.48672",0,5,95
1616325661,2021-03-21T11:21:01Z,DAL33,"51.466518,-0.486906",0,0,89
1616325696,2021-03-21T11:21:36Z,DAL33,"51.46479,-0.486603",0,0,89
1616325738,2021-03-21T11:22:18Z,DAL33,"51.464767,-0.485681",0,31,90
1616325744,2021-03-21T11:22:24Z,DAL33,"51.464779,-0.48364",0,58,90
1616325750,2021-03-21T11:22:30Z,DAL33,"51.464802,-0.479724",0,88,90
1616325756,2021-03-21T11:22:36Z,DAL33,"51.464802,-0.475235",0,108,89
1616325765,2021-03-21T11:22:45Z,DAL33,"51.464859,-0.466845",0,130,89
1616325774,2021-03-21T11:22:54Z,DAL33,"51.464848,-0.455856",0,165,89
1616325786,2021-03-21T11:23:06Z,DAL33,"51.464756,-0.44075",125,165,91
1616325794,2021-03-21T11:23:14Z,DAL33,"51.46463,-0.432253",475,162,91
1616325805,2021-03-21T11:23:25Z,DAL33,"51.464245,-0.41954",1000,158,95
1616325808,2021-03-21T11:23:28Z,DAL33,"51.463806,-0.41607",1100,160,102
1616325817,2021-03-21T11:23:37Z,DAL33,"51.459961,-0.405273",1375,174,129
1616325820,2021-03-21T11:23:40Z,DAL33,"51.458817,-0.403525",1425,176,135
1616325823,2021-03-21T11:23:43Z,DAL33,"51.456802,-0.401075",1500,178,146
1616325827,2021-03-21T11:23:47Z,DAL33,"51.453583,-0.398407",1650,180,156
1616325830,2021-03-21T11:23:50Z,DAL33,"51.451309,-0.397289",1750,180,164
1616325834,2021-03-21T11:23:54Z,DAL33,"51.447922,-0.396399",1900,180,174
1616325837,2021-03-21T11:23:57Z,DAL33,"51.445808,-0.396423",2000,180,182
1616325840,2021-03-21T11:24:00Z,DAL33,"51.443108,-0.396957",2125,180,189
1616325849,2021-03-21T11:24:09Z,DAL33,"51.436497,-0.40123",2400,180,209
1616325854,2021-03-21T11:24:14Z,DAL33,"51.432861,-0.405455",2550,181,217
1616325855,2021-03-21T11:24:15Z,DAL33,"51.432541,-0.4059",2550,182,218
1616325857,2021-03-21T11:24:17Z,DAL33,"51.430527,-0.408498",2625,182,219
1616325860,2021-03-21T11:24:20Z,DAL33,"51.428585,-0.411072",2725,182,219
1616325864,2021-03-21T11:24:24Z,DAL33,"51.426178,-0.41414",2850,182,218
1616325865,2021-03-21T11:24:25Z,DAL33,"51.425838,-0.414581",2850,182,218
1616325866,2021-03-21T11:24:26Z,DAL33,"51.425125,-0.415476",2875,184,218
1616325869,2021-03-21T11:24:29Z,DAL33,"51.423065,-0.418149",2925,187,218
1616325875,2021-03-21T11:24:35Z,DAL33,"51.418762,-0.423813",3000,194,219
1616325883,2021-03-21T11:24:43Z,DAL33,"51.413269,-0.431137",3050,205,219
1616325896,2021-03-21T11:24:56Z,DAL33,"51.402924,-0.444204",3200,225,218
1616325919,2021-03-21T11:25:19Z,DAL33,"51.386036,-0.474243",3450,253,243
1616325921,2021-03-21T11:25:21Z,DAL33,"51.384781,-0.478668",3475,255,246
1616325923,2021-03-21T11:25:23Z,DAL33,"51.384064,-0.481988",3475,257,250
1616325926,2021-03-21T11:25:26Z,DAL33,"51.383057,-0.487442",3525,259,255
1616325933,2021-03-21T11:25:33Z,DAL33,"51.381821,-0.501734",3675,262,266
1616325935,2021-03-21T11:25:35Z,DAL33,"51.381775,-0.504406",3700,263,268
1616325938,2021-03-21T11:25:38Z,DAL33,"51.381939,-0.510559",3800,263,273
1616325942,2021-03-21T11:25:42Z,DAL33,"51.382545,-0.517883",3950,261,278
1616325945,2021-03-21T11:25:45Z,DAL33,"51.383377,-0.523558",4075,261,282
1616325948,2021-03-21T11:25:48Z,DAL33,"51.384361,-0.529251",4200,259,286
1616325951,2021-03-21T11:25:51Z,DAL33,"51.385666,-0.53588",4400,258,287
1616325959,2021-03-21T11:25:59Z,DAL33,"51.388367,-0.548797",4775,255,288
1616325960,2021-03-21T11:26:00Z,DAL33,"51.388737,-0.550537",4825,255,289
1616325972,2021-03-21T11:26:12Z,DAL33,"51.393532,-0.571823",5250,259,289
1616325983,2021-03-21T11:26:23Z,DAL33,"51.398327,-0.59288",5575,266,290
1616325996,2021-03-21T11:26:36Z,DAL33,"51.404007,-0.616989",6000,272,290
1616326011,2021-03-21T11:26:51Z,DAL33,"51.410385,-0.645595",6525,276,289
1616326032,2021-03-21T11:27:12Z,DAL33,"51.419357,-0.685755",7550,271,289
1616326060,2021-03-21T11:27:40Z,DAL33,"51.430893,-0.738237",8650,275,289
1616326077,2021-03-21T11:27:57Z,DAL33,"51.438034,-0.772383",9275,278,288
1616326097,2021-03-21T11:28:17Z,DAL33,"51.445999,-0.812097",10050,279,288
1616326110,2021-03-21T11:28:30Z,DAL33,"51.451164,-0.836639",10425,285,288
1616326122,2021-03-21T11:28:42Z,DAL33,"51.456619,-0.861833",10550,297,289
1616326152,2021-03-21T11:29:12Z,DAL33,"51.47113,-0.927751",10975,325,289
1616326177,2021-03-21T11:29:37Z,DAL33,"51.483627,-0.98387",11325,346,289
1616326201,2021-03-21T11:30:01Z,DAL33,"51.497158,-1.044159",12000,353,289
1616326240,2021-03-21T11:30:40Z,DAL33,"51.519012,-1.141762",13075,366,289
1616326273,2021-03-21T11:31:13Z,DAL33,"51.536865,-1.228464",14025,376,286
1616326308,2021-03-21T11:31:48Z,DAL33,"51.552925,-1.322937",15100,383,285
1616326345,2021-03-21T11:32:25Z,DAL33,"51.570335,-1.426544",16300,385,285
1616326382,2021-03-21T11:33:02Z,DAL33,"51.587093,-1.526718",17500,385,285
1616326415,2021-03-21T11:33:35Z,DAL33,"51.602596,-1.619797",18300,392,285
1616326473,2021-03-21T11:34:33Z,DAL33,"51.629642,-1.783829",19700,401,284
1616326545,2021-03-21T11:35:45Z,DAL33,"51.663906,-1.99379",21450,407,284
1616326608,2021-03-21T11:36:48Z,DAL33,"51.694397,-2.182846",22550,419,284
1616326645,2021-03-21T11:37:25Z,DAL33,"51.711948,-2.29248",23175,425,284
1616326747,2021-03-21T11:39:07Z,DAL33,"51.762405,-2.612148",24950,436,284
1616326812,2021-03-21T11:40:12Z,DAL33,"51.794312,-2.817993",25825,447,283
1616326851,2021-03-21T11:40:51Z,DAL33,"51.813904,-2.945227",26400,450,283
1616326939,2021-03-21T11:42:19Z,DAL33,"51.857658,-3.233566",27575,458,283
1616326969,2021-03-21T11:42:49Z,DAL33,"51.872787,-3.334274",27825,463,283
1616327073,2021-03-21T11:44:33Z,DAL33,"51.925018,-3.687796",29100,470,283
1616327134,2021-03-21T11:45:34Z,DAL33,"51.955788,-3.899911",29800,474,283
1616327195,2021-03-21T11:46:35Z,DAL33,"51.985722,-4.108965",30400,479,283
1616327257,2021-03-21T11:47:37Z,DAL33,"52.016773,-4.328692",31050,483,282
1616327321,2021-03-21T11:48:41Z,DAL33,"52.048054,-4.55399",31825,484,282
1616327383,2021-03-21T11:49:43Z,DAL33,"52.078129,-4.773795",32700,484,282
1616327447,2021-03-21T11:50:47Z,DAL33,"52.108429,-4.998169",33650,483,282
1616327508,2021-03-21T11:51:48Z,DAL33,"52.137436,-5.216544",34500,481,282
1616327574,2021-03-21T11:52:54Z,DAL33,"52.167801,-5.449066",35575,475,281
1616327637,2021-03-21T11:53:57Z,DAL33,"52.195953,-5.667496",36025,460,281
1616327701,2021-03-21T11:55:01Z,DAL33,"52.222687,-5.879593",36000,454,281
1616327762,2021-03-21T11:56:02Z,DAL33,"52.248741,-6.087289",36000,466,281
1616327823,2021-03-21T11:57:03Z,DAL33,"52.274719,-6.298148",36000,466,281
1616327885,2021-03-21T11:58:05Z,DAL33,"52.300507,-6.511154",36000,460,281
1616327946,2021-03-21T11:59:06Z,DAL33,"52.325043,-6.716727",36000,460,280
1616328007,2021-03-21T12:00:07Z,DAL33,"52.349442,-6.925354",36000,458,280
1616328068,2021-03-21T12:01:08Z,DAL33,"52.372971,-7.129059",36000,456,280
1616328131,2021-03-21T12:02:11Z,DAL33,"52.397289,-7.343575",36000,459,280
1616328194,2021-03-21T12:03:14Z,DAL33,"52.421173,-7.558044",36000,459,280
1616328257,2021-03-21T12:04:17Z,DAL33,"52.444885,-7.774658",36000,462,280
1616328323,2021-03-21T12:05:23Z,DAL33,"52.469284,-8.001328",36000,461,279
1616328384,2021-03-21T12:06:24Z,DAL33,"52.491028,-8.207626",36000,457,279
1616328445,2021-03-21T12:07:25Z,DAL33,"52.512726,-8.416901",36000,456,279
1616328507,2021-03-21T12:08:27Z,DAL33,"52.534618,-8.631644",36000,459,279
1616328568,2021-03-21T12:09:28Z,DAL33,"52.555241,-8.83803",36000,459,279
1616328629,2021-03-21T12:10:29Z,DAL33,"52.575817,-9.047399",36000,458,279
1616328692,2021-03-21T12:11:32Z,DAL33,"52.59668,-9.264069",36000,459,278
1616328754,2021-03-21T12:12:34Z,DAL33,"52.616959,-9.47937",36000,458,278
1616328816,2021-03-21T12:13:36Z,DAL33,"52.636288,-9.688451",36000,456,278
1616328880,2021-03-21T12:14:40Z,DAL33,"52.656281,-9.909515",36000,455,278
1616328942,2021-03-21T12:15:42Z,DAL33,"52.675003,-10.120087",36175,453,278
1616329003,2021-03-21T12:16:43Z,DAL33,"52.693085,-10.327988",36975,450,278
1616329064,2021-03-21T12:17:44Z,DAL33,"52.710617,-10.534897",37575,450,277
1616329125,2021-03-21T12:18:45Z,DAL33,"52.727718,-10.740077",38000,448,277
1616329187,2021-03-21T12:19:47Z,DAL33,"52.744572,-10.947091",38000,444,277
1616329248,2021-03-21T12:20:48Z,DAL33,"52.761154,-11.155701",38000,450,277
1616329309,2021-03-21T12:21:49Z,DAL33,"52.77739,-11.363708",38000,452,277
1616329370,2021-03-21T12:22:50Z,DAL33,"52.793106,-11.571045",38000,450,277
1616329431,2021-03-21T12:23:51Z,DAL33,"52.808578,-11.778793",38000,450,276
1616329493,2021-03-21T12:24:53Z,DAL33,"52.823803,-11.989223",38000,450,276
1616329553,2021-03-21T12:25:53Z,DAL33,"52.838333,-12.195511",38000,450,276
1616329614,2021-03-21T12:26:54Z,DAL33,"52.852753,-12.404175",38000,448,276
1616329679,2021-03-21T12:27:59Z,DAL33,"52.867374,-12.622663",38000,449,276
1616329740,2021-03-21T12:29:00Z,DAL33,"52.880783,-12.828735",38000,448,276
1616329806,2021-03-21T12:30:06Z,DAL33,"52.895187,-13.056183",38000,447,275
1616329866,2021-03-21T12:31:06Z,DAL33,"52.907784,-13.261518",38000,447,275
1616329927,2021-03-21T12:32:07Z,DAL33,"52.920166,-13.468767",38000,447,275
1616329961,2021-03-21T12:32:41Z,DAL33,"52.926682,-13.579636",38000,448,275
1616330061,2021-03-21T12:34:21Z,DAL33,"52.946045,-13.923645",38000,449,275
1616330091,2021-03-21T12:34:51Z,DAL33,"52.951729,-14.0286",38000,449,275
1616330125,2021-03-21T12:35:25Z,DAL33,"52.957718,-14.140396",38000,449,275
1616330213,2021-03-21T12:36:53Z,DAL33,"52.973511,-14.444046",38000,448,274
1616330285,2021-03-21T12:38:05Z,DAL33,"52.985756,-14.691467",38000,448,274
1616330335,2021-03-21T12:38:55Z,DAL33,"52.993671,-14.85791",38000,446,274
1616330386,2021-03-21T12:39:46Z,DAL33,"53.010727,-15.031052",38000,447,284
1616330438,2021-03-21T12:40:38Z,DAL33,"53.045792,-15.200729",38000,450,290
1616330522,2021-03-21T12:42:02Z,DAL33,"53.120571,-15.462368",38000,449,293
1616341147,2021-03-21T15:39:07Z,DAL33,"51.8078,-50.788498",38000,456,248
1616341219,2021-03-21T15:40:19Z,DAL33,"51.752014,-51.012047",38000,456,247
1616341284,2021-03-21T15:41:24Z,DAL33,"51.700104,-51.217964",38000,456,247
1616341346,2021-03-21T15:42:26Z,DAL33,"51.650894,-51.411636",38000,456,247
1616341414,2021-03-21T15:43:34Z,DAL33,"51.596237,-51.624535",38000,455,247
1616341476,2021-03-21T15:44:36Z,DAL33,"51.546127,-51.81839",38000,455,247
1616341540,2021-03-21T15:45:40Z,DAL33,"51.494362,-52.016678",38000,458,247
1616341602,2021-03-21T15:46:42Z,DAL33,"51.44297,-52.211761",38000,460,246
1616341670,2021-03-21T15:47:50Z,DAL33,"51.386269,-52.425232",38000,461,246
1616341702,2021-03-21T15:48:22Z,DAL33,"51.359779,-52.524185",38000,462,246
1616341816,2021-03-21T15:50:16Z,DAL33,"51.291885,-52.825871",38000,460,254
1616341883,2021-03-21T15:51:23Z,DAL33,"51.205948,-53.091061",38000,463,246
1616341945,2021-03-21T15:52:25Z,DAL33,"51.152111,-53.284531",38000,464,244
1616342007,2021-03-21T15:53:27Z,DAL33,"51.094433,-53.473511",38000,455,244
1616342069,2021-03-21T15:54:29Z,DAL33,"51.038242,-53.6586",38000,452,244
1616342134,2021-03-21T15:55:34Z,DAL33,"50.978577,-53.853718",38000,453,244
1616342200,2021-03-21T15:56:40Z,DAL33,"50.917877,-54.050434",38000,456,243
1616342262,2021-03-21T15:57:42Z,DAL33,"50.860199,-54.23616",38000,457,243
1616342327,2021-03-21T15:58:47Z,DAL33,"50.799042,-54.431244",38000,456,243
1616342390,2021-03-21T15:59:50Z,DAL33,"50.740448,-54.616928",38000,455,243
1616342451,2021-03-21T16:00:51Z,DAL33,"50.683502,-54.795872",38000,457,243
1616342512,2021-03-21T16:01:52Z,DAL33,"50.625092,-54.978405",38000,455,243
1616342574,2021-03-21T16:02:54Z,DAL33,"50.566086,-55.161343",38000,457,243
1616342635,2021-03-21T16:03:55Z,DAL33,"50.507221,-55.342293",38000,455,242
1616342698,2021-03-21T16:04:58Z,DAL33,"50.447342,-55.525192",38000,453,242
1616342759,2021-03-21T16:05:59Z,DAL33,"50.389435,-55.700756",38000,455,242
1616342820,2021-03-21T16:07:00Z,DAL33,"50.329193,-55.88203",38000,458,242
1616342884,2021-03-21T16:08:04Z,DAL33,"50.267029,-56.067932",38000,456,242
1616342944,2021-03-21T16:09:04Z,DAL33,"50.207893,-56.243172",38000,454,242
1616343006,2021-03-21T16:10:06Z,DAL33,"50.147934,-56.419769",38000,450,242
1616343067,2021-03-21T16:11:07Z,DAL33,"50.088951,-56.59243",38000,448,241
1616343130,2021-03-21T16:12:10Z,DAL33,"50.026703,-56.773224",38000,450,241
1616343192,2021-03-21T16:13:12Z,DAL33,"49.965912,-56.948524",38000,451,241
1616343253,2021-03-21T16:14:13Z,DAL33,"49.904697,-57.124157",38000,453,241
1616343318,2021-03-21T16:15:18Z,DAL33,"49.840759,-57.306206",38000,448,241
1616343380,2021-03-21T16:16:20Z,DAL33,"49.778732,-57.481625",38000,451,241
1616343441,2021-03-21T16:17:21Z,DAL33,"49.716858,-57.655285",38000,453,241
1616343503,2021-03-21T16:18:23Z,DAL33,"49.652569,-57.828915",38450,462,239
1616343563,2021-03-21T16:19:23Z,DAL33,"49.587212,-57.999054",39050,464,239
1616343626,2021-03-21T16:20:26Z,DAL33,"49.518173,-58.178028",39550,469,239
1616343687,2021-03-21T16:21:27Z,DAL33,"49.450836,-58.351425",40000,460,239
1616343748,2021-03-21T16:22:28Z,DAL33,"49.38414,-58.52227",40000,458,239
1616343809,2021-03-21T16:23:29Z,DAL33,"49.318233,-58.689976",40000,457,238
1616343870,2021-03-21T16:24:30Z,DAL33,"49.251102,-58.859615",40000,458,238
1616343931,2021-03-21T16:25:31Z,DAL33,"49.184555,-59.026585",40000,458,238
1616343992,2021-03-21T16:26:32Z,DAL33,"49.116943,-59.195461",40000,458,238
1616344053,2021-03-21T16:27:33Z,DAL33,"49.04924,-59.363567",40000,459,238
1616344116,2021-03-21T16:28:36Z,DAL33,"48.979111,-59.536461",40000,459,238
1616344177,2021-03-21T16:29:37Z,DAL33,"48.910576,-59.704189",40000,463,238
1616344240,2021-03-21T16:30:40Z,DAL33,"48.839348,-59.877296",40000,463,238
1616344302,2021-03-21T16:31:42Z,DAL33,"48.768906,-60.047817",40000,464,237
1616344363,2021-03-21T16:32:43Z,DAL33,"48.699371,-60.214798",40000,464,237
1616344424,2021-03-21T16:33:44Z,DAL33,"48.629379,-60.381916",40000,462,237
1616344487,2021-03-21T16:34:47Z,DAL33,"48.557709,-60.5518",40000,455,237
1616344548,2021-03-21T16:35:48Z,DAL33,"48.489258,-60.713196",40000,453,237
1616344609,2021-03-21T16:36:49Z,DAL33,"48.420227,-60.874821",40000,452,237
1616344670,2021-03-21T16:37:50Z,DAL33,"48.350693,-61.036869",40000,452,237
1616344731,2021-03-21T16:38:51Z,DAL33,"48.280518,-61.199272",40000,454,237
1616344794,2021-03-21T16:39:54Z,DAL33,"48.209381,-61.363152",40000,453,236
1616344857,2021-03-21T16:40:57Z,DAL33,"48.137062,-61.528648",40000,453,236
1616344919,2021-03-21T16:41:59Z,DAL33,"48.064953,-61.692387",40000,453,236
1616344983,2021-03-21T16:43:03Z,DAL33,"47.99247,-61.856125",40000,450,236
1616345044,2021-03-21T16:44:04Z,DAL33,"47.922318,-62.01384",40000,448,236
1616345105,2021-03-21T16:45:05Z,DAL33,"47.852581,-62.169659",40000,449,236
1616345167,2021-03-21T16:46:07Z,DAL33,"47.780148,-62.330441",40000,450,236
1616345228,2021-03-21T16:47:08Z,DAL33,"47.710087,-62.485165",40000,448,236
1616345289,2021-03-21T16:48:09Z,DAL33,"47.639839,-62.639397",40000,449,235
1616345351,2021-03-21T16:49:11Z,DAL33,"47.567078,-62.798275",40000,448,235
1616345413,2021-03-21T16:50:13Z,DAL33,"47.494595,-62.955605",40000,446,235
1616345475,2021-03-21T16:51:15Z,DAL33,"47.423401,-63.109245",40000,447,235
1616345537,2021-03-21T16:52:17Z,DAL33,"47.351398,-63.263786",40000,445,235
1616345598,2021-03-21T16:53:18Z,DAL33,"47.279663,-63.416889",40000,444,235
1616345659,2021-03-21T16:54:19Z,DAL33,"47.208439,-63.568161",40000,448,235
1616345720,2021-03-21T16:55:20Z,DAL33,"47.135696,-63.721596",40000,449,235
1616345782,2021-03-21T16:56:22Z,DAL33,"47.06287,-63.874443",40000,447,235
1616345843,2021-03-21T16:57:23Z,DAL33,"46.991646,-64.023178",40000,445,235
1616345903,2021-03-21T16:58:23Z,DAL33,"46.918762,-64.174507",40000,448,234
1616345966,2021-03-21T16:59:26Z,DAL33,"46.844913,-64.327011",40000,449,234
1616346028,2021-03-21T17:00:28Z,DAL33,"46.769806,-64.481438",40000,450,234
1616346088,2021-03-21T17:01:28Z,DAL33,"46.697021,-64.630226",40000,448,234
1616346150,2021-03-21T17:02:30Z,DAL33,"46.621693,-64.78315",40000,450,234
1616346211,2021-03-21T17:03:31Z,DAL33,"46.547882,-64.932144",40000,450,234
1616346272,2021-03-21T17:04:32Z,DAL33,"46.474182,-65.08033",40000,451,234
1616346332,2021-03-21T17:05:32Z,DAL33,"46.400208,-65.22831",40000,449,234
1616346394,2021-03-21T17:06:34Z,DAL33,"46.325855,-65.376068",40000,447,233
1616346456,2021-03-21T17:07:36Z,DAL33,"46.250019,-65.5261",40000,447,233
1616346518,2021-03-21T17:08:38Z,DAL33,"46.175079,-65.67366",40000,446,233
1616346580,2021-03-21T17:09:40Z,DAL33,"46.098358,-65.823845",40000,447,233
1616346642,2021-03-21T17:10:42Z,DAL33,"46.023102,-65.970352",40000,449,233
1616346704,2021-03-21T17:11:44Z,DAL33,"45.945663,-66.120323",40000,449,233
1616346766,2021-03-21T17:12:46Z,DAL33,"45.868973,-66.26799",40000,448,233
1616346827,2021-03-21T17:13:47Z,DAL33,"45.793442,-66.412956",40000,450,233
1616346889,2021-03-21T17:14:49Z,DAL33,"45.716301,-66.559982",40000,451,233
1616346950,2021-03-21T17:15:50Z,DAL33,"45.63945,-66.705833",40000,452,233
1616347011,2021-03-21T17:16:51Z,DAL33,"45.562958,-66.850067",40000,450,232
1616347074,2021-03-21T17:17:54Z,DAL33,"45.484142,-66.99791",40000,447,232
1616347137,2021-03-21T17:18:57Z,DAL33,"45.405441,-67.144974",40000,448,232
1616347197,2021-03-21T17:19:57Z,DAL33,"45.329315,-67.286354",40000,451,232
1616347260,2021-03-21T17:21:00Z,DAL33,"45.249752,-67.433411",40000,449,232
1616347322,2021-03-21T17:22:02Z,DAL33,"45.171341,-67.577621",40000,449,232
1616347383,2021-03-21T17:23:03Z,DAL33,"45.09343,-67.720192",40000,449,232
1616347445,2021-03-21T17:24:05Z,DAL33,"45.015427,-67.86248",40000,450,232
1616347506,2021-03-21T17:25:06Z,DAL33,"44.936642,-68.005104",40000,448,232
1616347569,2021-03-21T17:26:09Z,DAL33,"44.857086,-68.14846",40000,445,231
1616347631,2021-03-21T17:27:11Z,DAL33,"44.778458,-68.289474",40000,445,231
1616347694,2021-03-21T17:28:14Z,DAL33,"44.698792,-68.431679",40000,446,231
1616347756,2021-03-21T17:29:16Z,DAL33,"44.6199,-68.57177",40000,444,231
1616347819,2021-03-21T17:30:19Z,DAL33,"44.538948,-68.714928",40000,445,231
1616347880,2021-03-21T17:31:20Z,DAL33,"44.460938,-68.852036",40000,447,231
1616347942,2021-03-21T17:32:22Z,DAL33,"44.381321,-68.991325",40000,449,231
1616348005,2021-03-21T17:33:25Z,DAL33,"44.297791,-69.136833",40000,453,231
1616348067,2021-03-21T17:34:27Z,DAL33,"44.2169,-69.277107",40000,459,231
1616348128,2021-03-21T17:35:28Z,DAL33,"44.135849,-69.416786",40000,460,231
1616348192,2021-03-21T17:36:32Z,DAL33,"44.049496,-69.565102",40000,457,231
1616348253,2021-03-21T17:37:33Z,DAL33,"43.969101,-69.702431",40000,453,230
1616348315,2021-03-21T17:38:35Z,DAL33,"43.888008,-69.840347",40000,451,230
1616348376,2021-03-21T17:39:36Z,DAL33,"43.806976,-69.977287",40000,450,230
1616348437,2021-03-21T17:40:37Z,DAL33,"43.727077,-70.11161",40000,451,230
1616348498,2021-03-21T17:41:38Z,DAL33,"43.645752,-70.247925",40000,454,230
1616348559,2021-03-21T17:42:39Z,DAL33,"43.564865,-70.382889",40000,451,230
1616348622,2021-03-21T17:43:42Z,DAL33,"43.480637,-70.522774",40000,448,230
1616348683,2021-03-21T17:44:43Z,DAL33,"43.400558,-70.655891",40000,446,231
1616348746,2021-03-21T17:45:46Z,DAL33,"43.319687,-70.795647",40000,446,231
1616348808,2021-03-21T17:46:48Z,DAL33,"43.240185,-70.931595",40000,448,231
1616348870,2021-03-21T17:47:50Z,DAL33,"43.159195,-71.069534",40000,449,231
1616348931,2021-03-21T17:48:51Z,DAL33,"43.076229,-71.199646",40000,451,228
1616348992,2021-03-21T17:49:52Z,DAL33,"42.991699,-71.33033",40000,449,228
1616349054,2021-03-21T17:50:54Z,DAL33,"42.906601,-71.461403",40000,447,228
1616349117,2021-03-21T17:51:57Z,DAL33,"42.820221,-71.593681",40000,448,228
1616349178,2021-03-21T17:52:58Z,DAL33,"42.735489,-71.722992",40000,450,228
1616349241,2021-03-21T17:54:01Z,DAL33,"42.648739,-71.854675",40000,452,228
1616349302,2021-03-21T17:55:02Z,DAL33,"42.564014,-71.982803",40000,453,228
1616349371,2021-03-21T17:56:11Z,DAL33,"42.46537,-72.131058",40000,456,228
1616349438,2021-03-21T17:57:18Z,DAL33,"42.371475,-72.271622",40000,457,227
1616349500,2021-03-21T17:58:20Z,DAL33,"42.285736,-72.399338",40000,457,227
1616349568,2021-03-21T17:59:28Z,DAL33,"42.190945,-72.550262",40000,457,230
1616349631,2021-03-21T18:00:31Z,DAL33,"42.104782,-72.688606",40000,460,230
1616349656,2021-03-21T18:00:56Z,DAL33,"42.070953,-72.742599",40000,461,230
1616349742,2021-03-21T18:02:22Z,DAL33,"41.953217,-72.930183",40000,460,229
1616349807,2021-03-21T18:03:27Z,DAL33,"41.862854,-73.07325",40000,459,229
1616349876,2021-03-21T18:04:36Z,DAL33,"41.76915,-73.221008",40000,459,229
1616349946,2021-03-21T18:05:46Z,DAL33,"41.673294,-73.371445",40000,458,229
1616350014,2021-03-21T18:06:54Z,DAL33,"41.579994,-73.51693",40000,460,229
1616350075,2021-03-21T18:07:55Z,DAL33,"41.493713,-73.651031",40000,460,229
1616350145,2021-03-21T18:09:05Z,DAL33,"41.398041,-73.798851",40000,460,229
1616350209,2021-03-21T18:10:09Z,DAL33,"41.307587,-73.938049",40000,460,229
1616350270,2021-03-21T18:11:10Z,DAL33,"41.222809,-74.06781",40000,458,229
1616350332,2021-03-21T18:12:12Z,DAL33,"41.137161,-74.198425",40000,457,228
1616350393,2021-03-21T18:13:13Z,DAL33,"41.053253,-74.325943",40000,456,228
1616350455,2021-03-21T18:14:15Z,DAL33,"40.966946,-74.456467",40000,457,228
1616350520,2021-03-21T18:15:20Z,DAL33,"40.876076,-74.593361",40000,457,228
1616350586,2021-03-21T18:16:26Z,DAL33,"40.78437,-74.730873",40000,457,228
1616350648,2021-03-21T18:17:28Z,DAL33,"40.697548,-74.860344",40000,459,228
1616350710,2021-03-21T18:18:30Z,DAL33,"40.610264,-74.99012",40000,461,228
1616350770,2021-03-21T18:19:30Z,DAL33,"40.524467,-75.11702",40000,461,228
1616350838,2021-03-21T18:20:38Z,DAL33,"40.428452,-75.258545",40000,460,228
1616350906,2021-03-21T18:21:46Z,DAL33,"40.332348,-75.399483",40000,460,228
1616350966,2021-03-21T18:22:46Z,DAL33,"40.246582,-75.524841",40000,461,228
1616351033,2021-03-21T18:23:53Z,DAL33,"40.164944,-75.674828",40000,460,236
1616351094,2021-03-21T18:24:54Z,DAL33,"40.094009,-75.815247",40000,461,236
1616351121,2021-03-21T18:25:21Z,DAL33,"40.061829,-75.878906",40000,462,236
1616351208,2021-03-21T18:26:48Z,DAL33,"39.958969,-76.081116",40000,462,236
1616351270,2021-03-21T18:27:50Z,DAL33,"39.880005,-76.217712",40000,463,229
1616351336,2021-03-21T18:28:56Z,DAL33,"39.788242,-76.357849",40000,466,229
1616351398,2021-03-21T18:29:58Z,DAL33,"39.701099,-76.490234",40000,464,229
1616351461,2021-03-21T18:31:01Z,DAL33,"39.612835,-76.623718",40000,463,229
1616351528,2021-03-21T18:32:08Z,DAL33,"39.520058,-76.763428",40000,461,229
1616351599,2021-03-21T18:33:19Z,DAL33,"39.420959,-76.911942",40000,460,229
1616351667,2021-03-21T18:34:27Z,DAL33,"39.327621,-77.051239",40000,457,229
1616351733,2021-03-21T18:35:33Z,DAL33,"39.235298,-77.188232",40000,458,229
1616351804,2021-03-21T18:36:44Z,DAL33,"39.136002,-77.335213",40000,460,228
1616351872,2021-03-21T18:37:52Z,DAL33,"39.04184,-77.473732",40000,459,228
1616351936,2021-03-21T18:38:56Z,DAL33,"38.952255,-77.605095",40000,460,228
1616352004,2021-03-21T18:40:04Z,DAL33,"38.855942,-77.745705",40000,461,228
1616352070,2021-03-21T18:41:10Z,DAL33,"38.763428,-77.880051",40000,461,228
1616352132,2021-03-21T18:42:12Z,DAL33,"38.676529,-78.005615",40000,459,228
1616352192,2021-03-21T18:43:12Z,DAL33,"38.590874,-78.129089",40000,457,228
1616352262,2021-03-21T18:44:22Z,DAL33,"38.493301,-78.269173",40000,458,228
1616352328,2021-03-21T18:45:28Z,DAL33,"38.399368,-78.403404",40000,459,228
1616352388,2021-03-21T18:46:28Z,DAL33,"38.314682,-78.523903",40000,458,228
1616352454,2021-03-21T18:47:34Z,DAL33,"38.221436,-78.656082",40000,458,228
1616352515,2021-03-21T18:48:35Z,DAL33,"38.135128,-78.777885",40000,458,228
1616352577,2021-03-21T18:49:37Z,DAL33,"38.048027,-78.900467",40000,458,228
1616352640,2021-03-21T18:50:40Z,DAL33,"37.957169,-79.027695",40000,459,228
1616352701,2021-03-21T18:51:41Z,DAL33,"37.871155,-79.147728",40000,458,227
1616352764,2021-03-21T18:52:44Z,DAL33,"37.781563,-79.272385",40000,456,227
1616352829,2021-03-21T18:53:49Z,DAL33,"37.688972,-79.400764",40000,455,227
1616352894,2021-03-21T18:54:54Z,DAL33,"37.598053,-79.526329",40000,454,227
1616352955,2021-03-21T18:55:55Z,DAL33,"37.509697,-79.647774",40000,455,227
1616353019,2021-03-21T18:56:59Z,DAL33,"37.420166,-79.7705",40000,455,227
1616353080,2021-03-21T18:58:00Z,DAL33,"37.333191,-79.889191",40000,455,227
1616353142,2021-03-21T18:59:02Z,DAL33,"37.24324,-80.011497",40000,453,227
1616353203,2021-03-21T19:00:03Z,DAL33,"37.157902,-80.127174",40000,452,227
1616353265,2021-03-21T19:01:05Z,DAL33,"37.068756,-80.247543",40000,454,227
1616353327,2021-03-21T19:02:07Z,DAL33,"36.979065,-80.366447",40000,456,225
1616353391,2021-03-21T19:03:11Z,DAL33,"36.886505,-80.484261",40000,457,225
1616353452,2021-03-21T19:04:12Z,DAL33,"36.795547,-80.600166",40000,456,225
1616353520,2021-03-21T19:05:20Z,DAL33,"36.695221,-80.727654",40000,453,225
1616353580,2021-03-21T19:06:20Z,DAL33,"36.606079,-80.840378",40000,454,225
1616353642,2021-03-21T19:07:22Z,DAL33,"36.516087,-80.953873",40000,455,225
1616353702,2021-03-21T19:08:22Z,DAL33,"36.425903,-81.067085",40000,453,225
1616353764,2021-03-21T19:09:24Z,DAL33,"36.334721,-81.181137",40000,453,225
1616353826,2021-03-21T19:10:26Z,DAL33,"36.244217,-81.294312",40000,453,225
1616353886,2021-03-21T19:11:26Z,DAL33,"36.154037,-81.406631",40000,456,225
1616353948,2021-03-21T19:12:28Z,DAL33,"36.063644,-81.51873",40000,458,225
1616354013,2021-03-21T19:13:33Z,DAL33,"35.965374,-81.640221",40000,459,225
1616354075,2021-03-21T19:14:35Z,DAL33,"35.872643,-81.754471",40000,458,225
1616354137,2021-03-21T19:15:37Z,DAL33,"35.77977,-81.868423",40000,456,224
1616354198,2021-03-21T19:16:38Z,DAL33,"35.687302,-81.978897",39900,458,224
1616354259,2021-03-21T19:17:39Z,DAL33,"35.594421,-82.089729",38850,466,224
1616354323,2021-03-21T19:18:43Z,DAL33,"35.494686,-82.208298",37675,472,223
1616354385,2021-03-21T19:19:45Z,DAL33,"35.397575,-82.324242",36650,461,225
1616354447,2021-03-21T19:20:47Z,DAL33,"35.305264,-82.439888",35625,468,225
1616354507,2021-03-21T19:21:47Z,DAL33,"35.214439,-82.552124",34675,464,225
1616354569,2021-03-21T19:22:49Z,DAL33,"35.11882,-82.668686",33625,481,224
1616354631,2021-03-21T19:23:51Z,DAL33,"35.019341,-82.786331",32650,476,224
1616354697,2021-03-21T19:24:57Z,DAL33,"34.914227,-82.9105",31550,480,223
1616354759,2021-03-21T19:25:59Z,DAL33,"34.814804,-83.025024",30325,491,223
1616354822,2021-03-21T19:27:02Z,DAL33,"34.709862,-83.146019",28000,483,223
1616354884,2021-03-21T19:28:04Z,DAL33,"34.612568,-83.257889",25700,452,223
1616354945,2021-03-21T19:29:05Z,DAL33,"34.52179,-83.362083",23600,439,223
1616355008,2021-03-21T19:30:08Z,DAL33,"34.429916,-83.467728",21550,423,223
1616355069,2021-03-21T19:31:09Z,DAL33,"34.344799,-83.565155",19575,410,223
1616355130,2021-03-21T19:32:10Z,DAL33,"34.261826,-83.65876",17625,401,221
1616355160,2021-03-21T19:32:40Z,DAL33,"34.219433,-83.703064",16625,396,221
1616355193,2021-03-21T19:33:13Z,DAL33,"34.17437,-83.750778",15550,393,221
1616355225,2021-03-21T19:33:45Z,DAL33,"34.130051,-83.797874",14500,388,221
1616355259,2021-03-21T19:34:19Z,DAL33,"34.084896,-83.845711",13725,376,221
1616355293,2021-03-21T19:34:53Z,DAL33,"34.041462,-83.892456",13675,377,221
1616355325,2021-03-21T19:35:25Z,DAL33,"33.998566,-83.938461",13675,381,221
1616355358,2021-03-21T19:35:58Z,DAL33,"33.95256,-83.9814",13700,382,210
1616355364,2021-03-21T19:36:04Z,DAL33,"33.943611,-83.987671",13675,381,210
1616355370,2021-03-21T19:36:10Z,DAL33,"33.934982,-83.993782",13675,381,210
1616355371,2021-03-21T19:36:11Z,DAL33,"33.934162,-83.99437",13675,381,210
1616355404,2021-03-21T19:36:44Z,DAL33,"33.882431,-84.03112",13675,380,210
1616355436,2021-03-21T19:37:16Z,DAL33,"33.835098,-84.064804",13675,380,210
1616355470,2021-03-21T19:37:50Z,DAL33,"33.783508,-84.101517",12875,374,210
1616355503,2021-03-21T19:38:23Z,DAL33,"33.734684,-84.136215",11800,364,210
1616355518,2021-03-21T19:38:38Z,DAL33,"33.713177,-84.151443",11700,361,210
1616355529,2021-03-21T19:38:49Z,DAL33,"33.695999,-84.163681",11675,363,210
1616355542,2021-03-21T19:39:02Z,DAL33,"33.67868,-84.175987",11650,353,210
1616355554,2021-03-21T19:39:14Z,DAL33,"33.662342,-84.187607",11675,338,210
1616355565,2021-03-21T19:39:25Z,DAL33,"33.647026,-84.198418",11675,326,210
1616355577,2021-03-21T19:39:37Z,DAL33,"33.632504,-84.208664",11675,313,210
1616355590,2021-03-21T19:39:50Z,DAL33,"33.616627,-84.219879",11675,301,210
1616355605,2021-03-21T19:40:05Z,DAL33,"33.598572,-84.232628",11675,291,210
1616355618,2021-03-21T19:40:18Z,DAL33,"33.583557,-84.243279",11675,291,210
1616355629,2021-03-21T19:40:29Z,DAL33,"33.570694,-84.252357",11675,293,210
1616355645,2021-03-21T19:40:45Z,DAL33,"33.552525,-84.266624",11525,293,220
1616355649,2021-03-21T19:40:49Z,DAL33,"33.548195,-84.271774",11425,292,226
1616355653,2021-03-21T19:40:53Z,DAL33,"33.545334,-84.276009",11350,293,231
1616355654,2021-03-21T19:40:54Z,DAL33,"33.54451,-84.277527",11325,294,235
1616355657,2021-03-21T19:40:57Z,DAL33,"33.542404,-84.281731",11250,294,240
1616355659,2021-03-21T19:40:59Z,DAL33,"33.540848,-84.285538",11200,294,246
1616355664,2021-03-21T19:41:04Z,DAL33,"33.538746,-84.292885",11100,295,253
1616355667,2021-03-21T19:41:07Z,DAL33,"33.537956,-84.297028",11050,295,256
1616355669,2021-03-21T19:41:09Z,DAL33,"33.537491,-84.30056",10975,296,261
1616355670,2021-03-21T19:41:10Z,DAL33,"33.537323,-84.302269",10950,295,258
1616355672,2021-03-21T19:41:12Z,DAL33,"33.537071,-84.305664",10925,297,264
1616355673,2021-03-21T19:41:13Z,DAL33,"33.536957,-84.307541",10900,296,265
1616355674,2021-03-21T19:41:14Z,DAL33,"33.536865,-84.309189",10875,296,266
1616355676,2021-03-21T19:41:16Z,DAL33,"33.536743,-84.312386",10825,297,267
1616355680,2021-03-21T19:41:20Z,DAL33,"33.536556,-84.318779",10725,297,268
1616355683,2021-03-21T19:41:23Z,DAL33,"33.536453,-84.324463",10650,297,269
1616355687,2021-03-21T19:41:27Z,DAL33,"33.536419,-84.330101",10550,297,269
1616355689,2021-03-21T19:41:29Z,DAL33,"33.536453,-84.333473",10500,297,270
1616355691,2021-03-21T19:41:31Z,DAL33,"33.536465,-84.336884",10450,297,270
1616355697,2021-03-21T19:41:37Z,DAL33,"33.53651,-84.346581",10300,297,270
1616355700,2021-03-21T19:41:40Z,DAL33,"33.536591,-84.351761",10225,297,270
1616355714,2021-03-21T19:41:54Z,DAL33,"33.536789,-84.373993",10025,292,270
1616355728,2021-03-21T19:42:08Z,DAL33,"33.536865,-84.39653",9775,288,270
1616355740,2021-03-21T19:42:20Z,DAL33,"33.536865,-84.416031",9575,284,270
1616355752,2021-03-21T19:42:32Z,DAL33,"33.536819,-84.434822",9325,283,269
1616355765,2021-03-21T19:42:45Z,DAL33,"33.536774,-84.454323",9050,281,269
1616355775,2021-03-21T19:42:55Z,DAL33,"33.536789,-84.471184",8775,281,270
1616355787,2021-03-21T19:43:07Z,DAL33,"33.536839,-84.489456",8275,278,270
1616355800,2021-03-21T19:43:20Z,DAL33,"33.536865,-84.508865",7650,277,270
1616355812,2021-03-21T19:43:32Z,DAL33,"33.536839,-84.528076",6950,280,270
1616355826,2021-03-21T19:43:46Z,DAL33,"33.536884,-84.549942",6150,284,270
1616355837,2021-03-21T19:43:57Z,DAL33,"33.536865,-84.567703",5475,290,269
1616355857,2021-03-21T19:44:17Z,DAL33,"33.536774,-84.599838",4425,294,269
1616355867,2021-03-21T19:44:27Z,DAL33,"33.537209,-84.614624",4100,285,276
1616355872,2021-03-21T19:44:32Z,DAL33,"33.538513,-84.622475",3950,282,283
1616355877,2021-03-21T19:44:37Z,DAL33,"33.541214,-84.630768",3825,271,296
1616355884,2021-03-21T19:44:44Z,DAL33,"33.54538,-84.638451",3725,264,306
1616355887,2021-03-21T19:44:47Z,DAL33,"33.547775,-84.641647",3675,260,312
1616355894,2021-03-21T19:44:54Z,DAL33,"33.554249,-84.647659",3625,251,326
1616355906,2021-03-21T19:45:06Z,DAL33,"33.56691,-84.65332",3550,235,346
1616355908,2021-03-21T19:45:08Z,DAL33,"33.568913,-84.653839",3525,233,348
1616355918,2021-03-21T19:45:18Z,DAL33,"33.579525,-84.655952",3425,226,353
1616355920,2021-03-21T19:45:20Z,DAL33,"33.581543,-84.656219",3400,226,353
1616355931,2021-03-21T19:45:31Z,DAL33,"33.593353,-84.654251",3200,216,18
1616355945,2021-03-21T19:45:45Z,DAL33,"33.604057,-84.645081",2850,213,48
1616355953,2021-03-21T19:45:53Z,DAL33,"33.608597,-84.637604",2775,207,56
1616355959,2021-03-21T19:45:59Z,DAL33,"33.611599,-84.631866",2725,204,58
1616355974,2021-03-21T19:46:14Z,DAL33,"33.618629,-84.617729",2675,191,59
1616356003,2021-03-21T19:46:43Z,DAL33,"33.629883,-84.59243",2700,171,72
1616356010,2021-03-21T19:46:50Z,DAL33,"33.630966,-84.585968",2675,170,82
1616356022,2021-03-21T19:47:02Z,DAL33,"33.631523,-84.574753",2675,166,88
1616356037,2021-03-21T19:47:17Z,DAL33,"33.631622,-84.560646",2575,165,89
1616356044,2021-03-21T19:47:24Z,DAL33,"33.631664,-84.55513",2475,161,89
1616356053,2021-03-21T19:47:33Z,DAL33,"33.63171,-84.546776",2300,153,89
1616356067,2021-03-21T19:47:47Z,DAL33,"33.631756,-84.535385",2150,142,90
1616356079,2021-03-21T19:47:59Z,DAL33,"33.631805,-84.526352",2000,132,89
1616356100,2021-03-21T19:48:20Z,DAL33,"33.631756,-84.5121",1775,123,90
1616356122,2021-03-21T19:48:42Z,DAL33,"33.631897,-84.496521",1525,125,89
1616356143,2021-03-21T19:49:03Z,DAL33,"33.631805,-84.482338",1325,129,90
1616356152,2021-03-21T19:49:12Z,DAL33,"33.631805,-84.475876",1200,128,90
1616356171,2021-03-21T19:49:31Z,DAL33,"33.63176,-84.462723",1000,124,90
1616356193,2021-03-21T19:49:53Z,DAL33,"33.631851,-84.448036",750,128,89
1616356288,2021-03-21T19:51:28Z,DAL33,"33.633636,-84.42144",0,23,90
1616356294,2021-03-21T19:51:34Z,DAL33,"33.633633,-84.420746",0,17,90
1616356299,2021-03-21T19:51:39Z,DAL33,"33.633633,-84.420319",0,14,90
1616356305,2021-03-21T19:51:45Z,DAL33,"33.633633,-84.41993",0,13,90
1616356316,2021-03-21T19:51:56Z,DAL33,"33.633633,-84.419159",0,14,90
1616356322,2021-03-21T19:52:02Z,DAL33,"33.633633,-84.418762",0,7,90
1616356331,2021-03-21T19:52:11Z,DAL33,"33.633625,-84.418556",0,4,90
1616356339,2021-03-21T19:52:19Z,DAL33,"33.633648,-84.418343",0,6,87
1616356345,2021-03-21T19:52:25Z,DAL33,"33.633717,-84.418121",0,8,75
1616356355,2021-03-21T19:52:35Z,DAL33,"33.634155,-84.417831",0,13,28
1616356359,2021-03-21T19:52:39Z,DAL33,"33.634377,-84.41777",0,14,16
1616356363,2021-03-21T19:52:43Z,DAL33,"33.634689,-84.417702",0,14,14
1616356369,2021-03-21T19:52:49Z,DAL33,"33.635017,-84.417656",0,14,5
1616356372,2021-03-21T19:52:52Z,DAL33,"33.635284,-84.417671",0,14,355
1616356378,2021-03-21T19:52:58Z,DAL33,"33.635605,-84.417686",0,12,357
1616356382,2021-03-21T19:53:02Z,DAL33,"33.635807,-84.417755",0,12,348
1616356387,2021-03-21T19:53:07Z,DAL33,"33.636051,-84.417839",0,10,345
1616356393,2021-03-21T19:53:13Z,DAL33,"33.636261,-84.417931",0,9,340
1616356398,2021-03-21T19:53:18Z,DAL33,"33.636482,-84.41806",0,9,337
1616356404,2021-03-21T19:53:24Z,DAL33,"33.636703,-84.41819",0,9,337
1616356410,2021-03-21T19:53:30Z,DAL33,"33.636967,-84.418259",0,10,343
1616356422,2021-03-21T19:53:42Z,DAL33,"33.637596,-84.418243",0,12,1
1616356429,2021-03-21T19:53:49Z,DAL33,"33.637974,-84.418243",0,10,1
1616356435,2021-03-21T19:53:55Z,DAL33,"33.638252,-84.418243",0,9,1
1616356443,2021-03-21T19:54:03Z,DAL33,"33.638531,-84.418373",0,8,340
1616356457,2021-03-21T19:54:17Z,DAL33,"33.638718,-84.418861",0,5,295
1616356476,2021-03-21T19:54:36Z,DAL33,"33.638832,-84.419266",0,3,289
